Workbook

Sheet Mode Chantier V9
A1: WAGNON PAYSAGE — MODE CHANTIER
A3: Nom du client | B3: Wagnon Titou
A4: Adresse | B4: 6 avenue marc Francina
A5: Téléphone | B5: 07 84 31 26 42
A6: Distance aller (km) | B6: 25
A7: Longueur de haie (m) | B7: 45
A8: Hauteur de haie (m) | B8: 2
A9: Évacuation des déchets | B9: Oui
A10: Nettoyage fin de chantier | B10: Oui
A13: ESTIMATION RAPIDE
A14: Prix conseillé taille de haie (€/m) | B14: 8
A15: Montant estimé HT | B15: =B7*B14 -> 360
A17: Check-list avant départ
A18: ✓ Photos avant chantier
A19: ✓ Validation du client
A20: ✓ Matériel chargé
A21: ✓ Déchets prévus

Sheet Devis terrain
A1: WAGNON PAYSAGE – DEVIS TERRAIN V3 | B1: Valeur
A2: Prestation | B2: Taille de haie
A3: Mètres linéaires | B3: 45
A4: Hauteur (m) | B4: 2
A5: Faces à tailler | B5: 3
A6: État / difficulté (1=facile, 1.25=difficile) | B6: 1
A7: Temps de base (h) | B7: 5
A8: Temps nettoyage/chargement (h) | B8: 1
A9: Km aller-retour | B9: 40
A10: Déchets verts (€) | B10: 100
A11: Fournitures (€) | B11: 0
A14: CALCUL AUTOMATIQUE
A15: Temps de travail estimé (h) | B15: =B7*B6+B8 -> 6
A16: Main-d'œuvre (€) | B16: =B15*Paramètres!B2 -> 300
A17: Déplacement (€) | B17: =B9*Paramètres!B3 -> 20
A18: Marge fournitures (€) | B18: =B11*Paramètres!B5/100 -> 0
A19: Coût direct estimé (€) | B19: =B16+B17+B10+B11 -> 420
A20: Marge sécurité (€) | B20: =B19*Paramètres!B4/100 -> 42
A21: PRIX CONSEILLÉ (€) | B21: =B19+B20+B18 -> 462
A22: PRIX ARRONDI (€) | B22: =ROUND(B21/5,0)*5 -> 460
A23: Prix / mètre linéaire (€) | B23: =IF(B3=0,0,B22/B3) -> 10.222222
A25: Conseil | B25: Le temps de base est à adapter après tes premiers chantiers : note le temps réel, puis ajuste tes références.

Sheet Paramètres
A1: WAGNON PAYSAGE – PARAMÈTRES | B1: Valeur
A2: Tarif interne cible €/h | B2: 50
A3: Coût véhicule €/km | B3: 0.5
A4: Marge sécurité % | B4: 10
A5: Marge fournitures % | B5: 20
A6: Objectif CA annuel | B6: 50000
A7: Objectif CA mensuel | B7: 4167
A10: Important | B10: Les taux sont des hypothèses de pilotage. À valider avec ton comptable selon ton statut et tes coûts réels.

Sheet Calculette
A1: WAGNON PAYSAGE – CALCULETTE DEVIS | B1: Valeur
A2: Prestation | B2: Haie
A3: Temps de travail (h) | B3: 4
A4: Km aller-retour | B4: 20
A5: Déchets / déchèterie (€) | B5: 25
A6: Fournitures (€) | B6: 0
A7: Quantité / unités (info) | B7: 20
A10: CALCUL
A11: Main-d'œuvre | B11: =B3*Paramètres!B2 -> 200
A12: Déplacement | B12: =B4*Paramètres!B3 -> 10
A13: Marge fournitures | B13: =B6*Paramètres!B5/100 -> 0
A14: Sous-total | B14: =SUM(B11:B13)+B5+B6 -> 235
A15: Marge sécurité | B15: =B14*Paramètres!B4/100 -> 23.5
A16: PRIX CONSEILLÉ | B16: =B14+B15 -> 258.5
A17: PRIX ARRONDI | B17: =ROUND(B16/5,0)*5 -> 260
A19: Prix minimum à discuter | B19: =B14 -> 235
A21: Mode d'emploi | B21: Modifie uniquement les cellules jaunes/bleues d'entrée. Les cellules de calcul se mettent à jour automatiquement.

Sheet Clients
A1: Client | B1: Ville | C1: Téléphone | D1: Email | E1: Prestation | F1: Prix devis | G1: Date devis | H1: Statut | I1: Dernier passage | J1: Prochain passage | K1: Notes

Sheet Devis
A1: N° devis | B1: Client | C1: Prestation | D1: Temps h | E1: Km A/R | F1: Déchets € | G1: Fournitures € | H1: Prix conseillé € | I1: Prix vendu € | J1: Marge brute estimée € | K1: Statut
H2: =IF(B2="","",D2*Paramètres!$B$2+E2*Paramètres!$B$3+F2+G2*(1+Paramètres!$B$5/100)) | J2: =IF(I2="","",I2-(D2*Paramètres!$B$2+E2*Paramètres!$B$3+F2+G2))
H3: =IF(B3="","",D3*Paramètres!$B$2+E3*Paramètres!$B$3+F3+G3*(1+Paramètres!$B$5/100)) | J3: =IF(I3="","",I3-(D3*Paramètres!$B$2+E3*Paramètres!$B$3+F3+G3))
H4: =IF(B4="","",D4*Paramètres!$B$2+E4*Paramètres!$B$3+F4+G4*(1+Paramètres!$B$5/100)) | J4: =IF(I4="","",I4-(D4*Paramètres!$B$2+E4*Paramètres!$B$3+F4+G4))
H5: =IF(B5="","",D5*Paramètres!$B$2+E5*Paramètres!$B$3+F5+G5*(1+Paramètres!$B$5/100)) | J5: =IF(I5="","",I5-(D5*Paramètres!$B$2+E5*Paramètres!$B$3+F5+G5))
H6: =IF(B6="","",D6*Paramètres!$B$2+E6*Paramètres!$B$3+F6+G6*(1+Paramètres!$B$5/100)) | J6: =IF(I6="","",I6-(D6*Paramètres!$B$2+E6*Paramètres!$B$3+F6+G6))
H7: =IF(B7="","",D7*Paramètres!$B$2+E7*Paramètres!$B$3+F7+G7*(1+Paramètres!$B$5/100)) | J7: =IF(I7="","",I7-(D7*Paramètres!$B$2+E7*Paramètres!$B$3+F7+G7))
H8: =IF(B8="","",D8*Paramètres!$B$2+E8*Paramètres!$B$3+F8+G8*(1+Paramètres!$B$5/100)) | J8: =IF(I8="","",I8-(D8*Paramètres!$B$2+E8*Paramètres!$B$3+F8+G8))
H9: =IF(B9="","",D9*Paramètres!$B$2+E9*Paramètres!$B$3+F9+G9*(1+Paramètres!$B$5/100)) | J9: =IF(I9="","",I9-(D9*Paramètres!$B$2+E9*Paramètres!$B$3+F9+G9))
H10: =IF(B10="","",D10*Paramètres!$B$2+E10*Paramètres!$B$3+F10+G10*(1+Paramètres!$B$5/100)) | J10: =IF(I10="","",I10-(D10*Paramètres!$B$2+E10*Paramètres!$B$3+F10+G10))
H11: =IF(B11="","",D11*Paramètres!$B$2+E11*Paramètres!$B$3+F11+G11*(1+Paramètres!$B$5/100)) | J11: =IF(I11="","",I11-(D11*Paramètres!$B$2+E11*Paramètres!$B$3+F11+G11))
H12: =IF(B12="","",D12*Paramètres!$B$2+E12*Paramètres!$B$3+F12+G12*(1+Paramètres!$B$5/100)) | J12: =IF(I12="","",I12-(D12*Paramètres!$B$2+E12*Paramètres!$B$3+F12+G12))
H13: =IF(B13="","",D13*Paramètres!$B$2+E13*Paramètres!$B$3+F13+G13*(1+Paramètres!$B$5/100)) | J13: =IF(I13="","",I13-(D13*Paramètres!$B$2+E13*Paramètres!$B$3+F13+G13))
... H501: =IF(B501="","",D501*Paramètres!$B$2+E501*Paramètres!$B$3+F501+G501*(1+Paramètres!$B$5/100)) | J501: =IF(I501="","",I501-(D501*Paramètres!$B$2+E501*Paramètres!$B$3+F501+G501))

Sheet CA mensuel
A1: Mois | B1: CA réalisé € | C1: Objectif € | D1: Écart €
A2: Janvier | C2: =Paramètres!$B$7 -> 4167 | D2: =B2-C2 -> -4167
A3: Février | C3: =Paramètres!$B$7 -> 4167 | D3: =B3-C3 -> -4167
A4: Mars | C4: =Paramètres!$B$7 -> 4167 | D4: =B4-C4 -> -4167
A5: Avril | C5: =Paramètres!$B$7 -> 4167 | D5: =B5-C5 -> -4167
A6: Mai | C6: =Paramètres!$B$7 -> 4167 | D6: =B6-C6 -> -4167
A7: Juin | C7: =Paramètres!$B$7 -> 4167 | D7: =B7-C7 -> -4167
A8: Juillet | C8: =Paramètres!$B$7 -> 4167 | D8: =B8-C8 -> -4167
A9: Août | C9: =Paramètres!$B$7 -> 4167 | D9: =B9-C9 -> -4167
A10: Septembre | C10: =Paramètres!$B$7 -> 4167 | D10: =B10-C10 -> -4167
A11: Octobre | C11: =Paramètres!$B$7 -> 4167 | D11: =B11-C11 -> -4167
A12: Novembre | C12: =Paramètres!$B$7 -> 4167 | D12: =B12-C12 -> -4167
A13: Décembre | C13: =Paramètres!$B$7 -> 4167 | D13: =B13-C13 -> -4167
A15: TOTAL | B15: =SUM(B2:B13) -> 0 | C15: =SUM(C2:C13) -> 50004 | D15: =B15-C15 -> -50004

Sheet Frais
A1: Date | B1: Catégorie | C1: Description | D1: Montant € | E1: Professionnel ? | F1: Notes

Sheet Tableau de bord
A1: WAGNON PAYSAGE – TABLEAU DE BORD PATRON
A2: Objectif CA annuel | B2: =Paramètres!B6 -> 50000
A3: CA saisi à ce jour | B3: =SUM('CA mensuel'!B2:B13) -> 0
A4: Reste à faire | B4: =B2-B3 -> 50000
A5: Clients enregistrés | B5: =COUNTA(Clients!A2:A500) -> 0
A6: Devis enregistrés | B6: =COUNTA(Devis!A2:A500) -> 0
A7: Devis acceptés | B7: =COUNTIF(Devis!K2:K500,"Accepté") -> 0
A8: Taux d'acceptation | B8: =IF(B6=0,0,B7/B6) -> 0
A9: Total frais saisis | B9: =SUM(Frais!D2:D1000) -> 0
A11: Mode d'emploi | B11: Utilise 'Devis terrain' pour les haies, puis les onglets Tonte, Débroussaillage ou Plantation selon le chantier.

Sheet Tonte
A1: WAGNON PAYSAGE – TONTE | B1: Valeur
A2: Surface m² | B2: 600
A3: Temps estimé h | B3: 1.5
A4: Km A/R | B4: 20
A5: Déchets € | B5: 0
A6: Fournitures € | B6: 0
A8: Prix conseillé | B8: =ROUND((B3*Paramètres!B2+B4*Paramètres!B3+B5+B6)*(1+Paramètres!B4/100)/5,0)*5 -> 95
A9: Prix / m² | B9: =IF(B2=0,0,B8/B2) -> 0.15833333

Sheet Débroussaillage
A1: WAGNON PAYSAGE – DÉBROUSSAILLAGE | B1: Valeur
A2: Surface m² | B2: 500
A3: Temps estimé h | B3: 3
A4: Km A/R | B4: 20
A5: Déchets € | B5: 30
A7: Prix conseillé | B7: =ROUND((B3*Paramètres!B2+B4*Paramètres!B3+B5)*(1+Paramètres!B4/100)/5,0)*5 -> 210
A8: Prix / m² | B8: =IF(B2=0,0,B7/B2) -> 0.42

Sheet Plantation
A1: WAGNON PAYSAGE – PLANTATION | B1: Valeur
A2: Fournitures € | B2: 300
A3: Temps h | B3: 3
A4: Km A/R | B4: 20
A5: Autres coûts € | B5: 30
A7: Prix conseillé | B7: =ROUND((B2*(1+Paramètres!B5/100)+B3*Paramètres!B2+B4*Paramètres!B3+B5)*(1+Paramètres!B4/100)/5,0)*5 -> 605

Sheet Base Clients V9
A1: Nom | B1: Adresse | C1: Téléphone | D1: Email

Sheet Suivi Devis V9
A1: N° | B1: Date | C1: Client | D1: Montant TTC | E1: Statut
